speaker,source,segment_id,timestamp,text
"Speaker 1",system_audio,"c977f36a-5f43-4f85-b4f9-ea9c11d9dcf6",2026-05-20T08:05:22,"l'impatto di asteroidi con la terra è un rischio reale, diciamo la terra come posto dove può esserci la vita"
"Speaker 1",system_audio,"89231dad-4bed-44cd-8278-3c29ca95e548",2026-05-20T08:05:22,"durerà ancora circa un miliardo di anni, che comunque è il tempo lunghissimo, però è breve per esempio rispetto al tempo già passato, cioè la vita sulla terra c'è da circa 4 miliardi di anni. Ma scusami, a livello geopolitico, come è suddiviso lo storico?"
"Speaker 1",system_audio,"325a4693-7aeb-4e06-b486-27cba0104ba4",2026-05-20T08:05:32,"Cioè, c'è... esiste una regolamentazione degli spazi spaziali? Come sarebbe organizzato una transmigrazione verso un altro pianeta? Cioè, chi parte? Tutti? Un tipo arcadino è... parte un dottore, un..."
"Speaker 1",system_audio,"d3bbf436-5b2e-43ab-b3f6-3c69da78e4c4",2026-05-20T08:05:48,"un giudice, come composto. E mica lo decide lui. Però magari si è fatta un'idea. Allora, si spegne il sole. Noi moriamo dopo otto minuti. Otto minuti morti tutti."
"Speaker 1",system_audio,"fe39010c-2417-4837-a810-3f47570cb61d",2026-05-20T08:05:56,"Beh non istantaneamente il tempo di freddare la terra, la terra c'è ancora un po' di calore però se c'è appunto il cattivo di James Bond che manda sulla luna una cosa dice io adesso recinto il pezzo di luna dove è sceso la Pollo 11 e ci faccio un parco attento"
"Speaker 1",system_audio,"09a799b4-0cf2-4e95-b20a-b5619c92b850",2026-05-20T08:06:11,"Ciao sono Medeo Balbi, sono astrofisico, sono venuto a Supernova perché si chiama Supernova e serviva a un astrofisico."

timestamp,description,assignee,status

